{
  "dataset_revision": "4f58c6b202a23cf9a4da393831edf4f9183cad37",
  "mteb_dataset_name": "EmotionClassification",
  "mteb_version": "1.0.2",
  "test": {
    "accuracy": 0.4119499999999999,
    "accuracy_stderr": 0.025105228539091216,
    "evaluation_time": 20.08,
    "f1": 0.36981414412336655,
    "f1_stderr": 0.02094871267575925,
    "main_score": 0.4119499999999999
  }
}