{
  "dataset_revision": "b0fddb56ed78048fa8b90373c8a3cfc37b684831",
  "mteb_dataset_name": "STSBenchmark",
  "mteb_version": "1.0.2",
  "test": {
    "cos_sim": {
      "pearson": 0.8374641693018909,
      "spearman": 0.8305896485864188
    },
    "euclidean": {
      "pearson": 0.8350326075472255,
      "spearman": 0.8305896485864188
    },
    "evaluation_time": 14.66,
    "manhattan": {
      "pearson": 0.8351482035115159,
      "spearman": 0.8308811375478211
    }
  }
}