{
  "dataset_revision": "b0fddb56ed78048fa8b90373c8a3cfc37b684831",
  "mteb_dataset_name": "STSBenchmark",
  "mteb_version": "1.0.2",
  "test": {
    "cos_sim": {
      "pearson": 0.8274064097107351,
      "spearman": 0.8203246731235654
    },
    "euclidean": {
      "pearson": 0.8255616594331421,
      "spearman": 0.8203246160625794
    },
    "evaluation_time": 2.74,
    "manhattan": {
      "pearson": 0.8249144379692275,
      "spearman": 0.8194552526855261
    }
  }
}