{
  "dataset_revision": "4f58c6b202a23cf9a4da393831edf4f9183cad37",
  "mteb_dataset_name": "EmotionClassification",
  "mteb_version": "1.0.2",
  "test": {
    "accuracy": 0.40275,
    "accuracy_stderr": 0.02354808909444671,
    "evaluation_time": 11.41,
    "f1": 0.3662514298924403,
    "f1_stderr": 0.017820730543621332,
    "main_score": 0.40275
  }
}