{
  "dataset_revision": "4f58c6b202a23cf9a4da393831edf4f9183cad37",
  "mteb_dataset_name": "EmotionClassification",
  "mteb_version": "1.0.2",
  "test": {
    "accuracy": 0.40149999999999997,
    "accuracy_stderr": 0.024780032284079052,
    "evaluation_time": 21.37,
    "f1": 0.36504958798648124,
    "f1_stderr": 0.01997914833873719,
    "main_score": 0.40149999999999997
  }
}