{
  "dataset_revision": "4f58c6b202a23cf9a4da393831edf4f9183cad37",
  "mteb_dataset_name": "EmotionClassification",
  "mteb_version": "1.0.2",
  "test": {
    "accuracy": 0.39115,
    "accuracy_stderr": 0.025173448313649836,
    "evaluation_time": 10.63,
    "f1": 0.3538226566722507,
    "f1_stderr": 0.021180423343844297,
    "main_score": 0.39115
  }
}