{
  "dataset_revision": "b0fddb56ed78048fa8b90373c8a3cfc37b684831",
  "mteb_dataset_name": "STSBenchmark",
  "mteb_version": "1.0.2",
  "test": {
    "cos_sim": {
      "pearson": 0.8247489613839323,
      "spearman": 0.8174868225613221
    },
    "euclidean": {
      "pearson": 0.824862067057979,
      "spearman": 0.8174868225613221
    },
    "evaluation_time": 5.45,
    "manhattan": {
      "pearson": 0.8236674413384821,
      "spearman": 0.8164912464845888
    }
  }
}