{
  "dataset_revision": "4f58c6b202a23cf9a4da393831edf4f9183cad37",
  "mteb_dataset_name": "EmotionClassification",
  "mteb_version": "1.0.2",
  "test": {
    "accuracy": 0.40854999999999997,
    "accuracy_stderr": 0.024647971518970888,
    "evaluation_time": 10.28,
    "f1": 0.3721382892398258,
    "f1_stderr": 0.019597810527696328,
    "main_score": 0.40854999999999997
  }
}