{
  "dataset_revision": "b0fddb56ed78048fa8b90373c8a3cfc37b684831",
  "mteb_dataset_name": "STSBenchmark",
  "mteb_version": "1.0.2",
  "test": {
    "cos_sim": {
      "pearson": 0.8272584584000203,
      "spearman": 0.8201299142040744
    },
    "euclidean": {
      "pearson": 0.8251834167363418,
      "spearman": 0.8201299142040744
    },
    "evaluation_time": 6.17,
    "manhattan": {
      "pearson": 0.824447993144088,
      "spearman": 0.819264997312638
    }
  }
}