{
  "dataset_revision": "4f58c6b202a23cf9a4da393831edf4f9183cad37",
  "mteb_dataset_name": "EmotionClassification",
  "mteb_version": "1.0.2",
  "test": {
    "accuracy": 0.3526,
    "accuracy_stderr": 0.023051897969581594,
    "evaluation_time": 79.02,
    "f1": 0.3131104466313411,
    "f1_stderr": 0.01793085793257662,
    "main_score": 0.3526
  }
}