{
  "dataset_revision": "b0fddb56ed78048fa8b90373c8a3cfc37b684831",
  "mteb_dataset_name": "STSBenchmark",
  "mteb_version": "1.0.2",
  "test": {
    "cos_sim": {
      "pearson": 0.4790848999062771,
      "spearman": 0.4729100841251275
    },
    "euclidean": {
      "pearson": 0.4917351277823236,
      "spearman": 0.4883476594968907
    },
    "evaluation_time": 69.97,
    "manhattan": {
      "pearson": 0.4917195850512963,
      "spearman": 0.488627500170157
    }
  }
}