{
  "dataset_revision": "b0fddb56ed78048fa8b90373c8a3cfc37b684831",
  "mteb_dataset_name": "STSBenchmark",
  "mteb_version": "1.0.2",
  "test": {
    "cos_sim": {
      "pearson": 0.49713509224507185,
      "spearman": 0.49398301654061977
    },
    "euclidean": {
      "pearson": 0.49867927396129463,
      "spearman": 0.49398301654061977
    },
    "evaluation_time": 33.93,
    "manhattan": {
      "pearson": 0.49991083591683144,
      "spearman": 0.4947495563657259
    }
  }
}