{
  "dataset_revision": "4f58c6b202a23cf9a4da393831edf4f9183cad37",
  "mteb_dataset_name": "EmotionClassification",
  "mteb_version": "1.0.2",
  "test": {
    "accuracy": 0.3318,
    "accuracy_stderr": 0.028822907556317078,
    "evaluation_time": 59.63,
    "f1": 0.29257388253489,
    "f1_stderr": 0.022435672598920774,
    "main_score": 0.3318
  }
}