{
  "dataset_revision": "4f58c6b202a23cf9a4da393831edf4f9183cad37",
  "mteb_dataset_name": "EmotionClassification",
  "mteb_version": "1.0.2",
  "test": {
    "accuracy": 0.32675000000000004,
    "accuracy_stderr": 0.026714462375275302,
    "evaluation_time": 144.11,
    "f1": 0.2888313538912282,
    "f1_stderr": 0.021756334994758604,
    "main_score": 0.32675000000000004
  }
}