{
  "dataset_revision": "b0fddb56ed78048fa8b90373c8a3cfc37b684831",
  "mteb_dataset_name": "STSBenchmark",
  "mteb_version": "1.0.2",
  "test": {
    "cos_sim": {
      "pearson": 0.4712498846529079,
      "spearman": 0.46809543262336106
    },
    "euclidean": {
      "pearson": 0.4747165127229564,
      "spearman": 0.46809543262336106
    },
    "evaluation_time": 85.11,
    "manhattan": {
      "pearson": 0.4764171349218235,
      "spearman": 0.469900470594927
    }
  }
}