{
  "dataset_revision": "b0fddb56ed78048fa8b90373c8a3cfc37b684831",
  "mteb_dataset_name": "STSBenchmark",
  "mteb_version": "1.0.2",
  "test": {
    "cos_sim": {
      "pearson": 0.46661198871382137,
      "spearman": 0.46117127544562675
    },
    "euclidean": {
      "pearson": 0.46800884436864526,
      "spearman": 0.4611691978568921
    },
    "evaluation_time": 36.86,
    "manhattan": {
      "pearson": 0.4685532595264749,
      "spearman": 0.4622461433717048
    }
  }
}