{
  "dataset_revision": "4f58c6b202a23cf9a4da393831edf4f9183cad37",
  "mteb_dataset_name": "EmotionClassification",
  "mteb_version": "1.0.2",
  "test": {
    "accuracy": 0.33605,
    "accuracy_stderr": 0.030569142938590862,
    "evaluation_time": 55.86,
    "f1": 0.2962241793630015,
    "f1_stderr": 0.024394912045280395,
    "main_score": 0.33605
  }
}