{
  "dataset_revision": "b0fddb56ed78048fa8b90373c8a3cfc37b684831",
  "mteb_dataset_name": "STSBenchmark",
  "mteb_version": "1.0.2",
  "test": {
    "cos_sim": {
      "pearson": 0.4795362408651274,
      "spearman": 0.4738768914994037
    },
    "euclidean": {
      "pearson": 0.48087563189851945,
      "spearman": 0.4738768914994037
    },
    "evaluation_time": 37.68,
    "manhattan": {
      "pearson": 0.481572611961619,
      "spearman": 0.4750192140335679
    }
  }
}