{
  "dataset_revision": "b0fddb56ed78048fa8b90373c8a3cfc37b684831",
  "mteb_dataset_name": "STSBenchmark",
  "mteb_version": "1.0.2",
  "test": {
    "cos_sim": {
      "pearson": 0.47953624253205807,
      "spearman": 0.4738768914994037
    },
    "euclidean": {
      "pearson": 0.48087562006070805,
      "spearman": 0.4738768914994037
    },
    "evaluation_time": 33.24,
    "manhattan": {
      "pearson": 0.4815726114693203,
      "spearman": 0.4750192140335679
    }
  }
}