{
  "dataset_revision": "4f58c6b202a23cf9a4da393831edf4f9183cad37",
  "mteb_dataset_name": "EmotionClassification",
  "mteb_version": "1.0.2",
  "test": {
    "accuracy": 0.40925,
    "accuracy_stderr": 0.027600045289817902,
    "evaluation_time": 19.38,
    "f1": 0.36800696848151665,
    "f1_stderr": 0.02082102330067188,
    "main_score": 0.40925
  }
}