{
  "dataset_revision": "4f58c6b202a23cf9a4da393831edf4f9183cad37",
  "mteb_dataset_name": "EmotionClassification",
  "mteb_version": "1.0.2",
  "test": {
    "accuracy": 0.40095000000000003,
    "accuracy_stderr": 0.02566266743734953,
    "evaluation_time": 41.75,
    "f1": 0.3626628620864726,
    "f1_stderr": 0.018959571169492463,
    "main_score": 0.40095000000000003
  }
}