{
  "dataset_revision": "b0fddb56ed78048fa8b90373c8a3cfc37b684831",
  "mteb_dataset_name": "STSBenchmark",
  "mteb_version": "1.0.2",
  "test": {
    "cos_sim": {
      "pearson": 0.8300376055771063,
      "spearman": 0.8202182350295162
    },
    "euclidean": {
      "pearson": 0.8281548958602518,
      "spearman": 0.8202182350295162
    },
    "evaluation_time": 25.48,
    "manhattan": {
      "pearson": 0.8272951345188557,
      "spearman": 0.819294554414274
    }
  }
}