{
  "dataset_revision": "4f58c6b202a23cf9a4da393831edf4f9183cad37",
  "mteb_dataset_name": "EmotionClassification",
  "mteb_version": "1.0.2",
  "test": {
    "accuracy": 0.4085,
    "accuracy_stderr": 0.024661711213944584,
    "evaluation_time": 15.52,
    "f1": 0.37206768817318264,
    "f1_stderr": 0.019616556466807773,
    "main_score": 0.4085
  }
}