{
  "dataset_revision": "b0fddb56ed78048fa8b90373c8a3cfc37b684831",
  "mteb_dataset_name": "STSBenchmark",
  "mteb_version": "1.0.2",
  "test": {
    "cos_sim": {
      "pearson": 0.8274064110673129,
      "spearman": 0.8203246731235654
    },
    "euclidean": {
      "pearson": 0.8255616667106752,
      "spearman": 0.8203246731235654
    },
    "evaluation_time": 13.1,
    "manhattan": {
      "pearson": 0.8249144395995651,
      "spearman": 0.8194552526855261
    }
  }
}