{
  "dataset_revision": "4f58c6b202a23cf9a4da393831edf4f9183cad37",
  "mteb_dataset_name": "EmotionClassification",
  "mteb_version": "1.0.2",
  "test": {
    "accuracy": 0.4183,
    "accuracy_stderr": 0.021613884426451443,
    "evaluation_time": 20.81,
    "f1": 0.37624466895950653,
    "f1_stderr": 0.01743903163262402,
    "main_score": 0.4183
  }
}