{
  "dataset_revision": "b0fddb56ed78048fa8b90373c8a3cfc37b684831",
  "mteb_dataset_name": "STSBenchmark",
  "mteb_version": "1.0.2",
  "test": {
    "cos_sim": {
      "pearson": 0.837594560292421,
      "spearman": 0.8308938533093635
    },
    "euclidean": {
      "pearson": 0.8355879778009024,
      "spearman": 0.8308938533093635
    },
    "evaluation_time": 22.81,
    "manhattan": {
      "pearson": 0.8356896375814314,
      "spearman": 0.8311516183577004
    }
  }
}