{
  "dataset_revision": "4f58c6b202a23cf9a4da393831edf4f9183cad37",
  "mteb_dataset_name": "EmotionClassification",
  "mteb_version": "1.0.2",
  "test": {
    "accuracy": 0.33605,
    "accuracy_stderr": 0.030658970954681432,
    "evaluation_time": 88.56,
    "f1": 0.29623241430631986,
    "f1_stderr": 0.02447598644313873,
    "main_score": 0.33605
  }
}