{
  "dataset_revision": "b0fddb56ed78048fa8b90373c8a3cfc37b684831",
  "mteb_dataset_name": "STSBenchmark",
  "mteb_version": "1.0.2",
  "test": {
    "cos_sim": {
      "pearson": 0.4795173020708739,
      "spearman": 0.4738469266504151
    },
    "euclidean": {
      "pearson": 0.48085306808636985,
      "spearman": 0.4738469266504151
    },
    "evaluation_time": 52.38,
    "manhattan": {
      "pearson": 0.48155338198328346,
      "spearman": 0.47501716667736577
    }
  }
}