{
  "dataset_revision": "b0fddb56ed78048fa8b90373c8a3cfc37b684831",
  "mteb_dataset_name": "STSBenchmark",
  "mteb_version": "1.0.2",
  "test": {
    "cos_sim": {
      "pearson": 0.827246979963003,
      "spearman": 0.820132472933248
    },
    "euclidean": {
      "pearson": 0.8251729913005829,
      "spearman": 0.820132472933248
    },
    "evaluation_time": 8.22,
    "manhattan": {
      "pearson": 0.8244390781677439,
      "spearman": 0.8192582878070431
    }
  }
}