{
  "dataset_revision": "4f58c6b202a23cf9a4da393831edf4f9183cad37",
  "mteb_dataset_name": "EmotionClassification",
  "mteb_version": "1.0.2",
  "test": {
    "accuracy": 0.41174999999999995,
    "accuracy_stderr": 0.02517364693484041,
    "evaluation_time": 21.23,
    "f1": 0.36964632574873646,
    "f1_stderr": 0.02101215083642815,
    "main_score": 0.41174999999999995
  }
}